id,FAM1,WTB11,WTB12,WTB13,SE11,SE12,SE13,SEA1,WTBA1,FAM2,WTB21,WTB22,WTB23,SE21,SE22,SE23,SEA2,WTBA2,FAM3,WTB31,WTB32,WTB33,SE31,SE32,SE33,SEA3,WTBA3,C1,C2,C3,C4,Condition,CONNUM
1,3,4,4,4,3,3,3,3,4,4,4,4,4,3,3,3,3,4,4,4,4,4,5,5,5,5,4,3,23,2,3,B,0
2,1,5,4,5,4,4,4,4,4.666666667,5,5,4,4,4,4,4,4,4.333333333,5,7,7,7,5,5,5,5,7,3,909,1,1,B,0
3,5,5,5,5,4,4,4,4,5,5,7,7,7,5,5,5,5,7,5,6,6,6,5,5,5,5,6,2,21,3,1,A,1
4,3,2,2,1,5,5,5,5,1.666666667,2,5,5,4,1,1,5,2.333333333,4.666666667,4,5,5,5,4,4,4,4,5,1,21,3,2,B,0
5,5,7,7,7,3,3,3,3,7,5,5,4,4,1,1,1,1,4.333333333,5,3,3,3,3,3,3,3,3,2,435,2,3,A,1
6,1,2,3,2,3,1,1,1.666666667,2.333333333,2,5,2,2,1,1,2,1.333333333,3,2,1,1,1,1,1,2,1.333333333,1,3,23,1,4,B,0
7,4,5,6,5,3,3,4,3.333333333,5.333333333,4,6,6,5,2,2,3,2.333333333,5.666666667,4,6,5,6,3,3,4,3.333333333,5.666666667,2,23,1,3,B,0
8,3,4,4,3,5,5,3,4.333333333,3.666666667,2,2,2,1,3,4,1,2.666666667,1.666666667,1,5,5,3,3,4,3,3.333333333,4.333333333,1,25,1,4,A,1
9,4,3,3,2,1,1,1,1,2.666666667,5,6,6,3,3,3,3,3,5,4,6,6,5,4,4,4,4,5.666666667,2,24,2,4,B,0
10,5,2,6,2,5,5,5,5,3.333333333,2,4,3,2,1,1,1,1,3,1,1,1,1,1,1,1,1,1,2,24,2,3,B,0
11,2,1,1,1,3,1,4,2.666666667,1,3,2,1,1,2,2,3,2.333333333,1.333333333,2,1,1,1,2,3,3,2.666666667,1,1,21,1,3,B,0
12,3,5,5,2,5,5,5,5,4,3,2,3,2,5,5,5,5,2.333333333,1,5,5,2,3,3,3,3,4,2,24,2,4,A,1
13,5,6,6,6,5,5,5,5,6,5,7,7,7,5,5,5,5,7,3,5,5,6,3,3,3,3,5.333333333,3,22,2,3,B,0
14,2,6,4,6,3,3,4,3.333333333,5.333333333,2,6,2,2,3,2,3,2.666666667,3.333333333,4,6,5,6,3,2,4,3,5.666666667,1,35,2,4,A,1
15,5,2,2,2,4,3,3,3.333333333,2,3,4,3,2,3,2,3,2.666666667,3,2,2,2,3,3,1,2,2,2.333333333,3,19,2,2,B,0
16,2,3,3,3,2,2,2,2,3,4,7,7,7,3,3,5,3.666666667,7,4,7,7,7,5,4,4,4.333333333,7,2,25,2,3,A,1
17,4,4,4,2,3,3,3,3,3.333333333,4,5,5,3,3,3,3,3,4.333333333,4,6,5,4,3,3,3,3,5,2,24,2,2,A,1
18,4,2,2,2,4,3,2,3,2,1,5,5,6,2,2,4,2.666666667,5.333333333,5,5,6,5,4,5,4,4.333333333,5.333333333,2,23,1,3,A,1
19,2,6,6,3,4,3,4,3.666666667,5,2,3,4,1,4,4,4,4,2.666666667,2,4,4,2,2,2,1,1.666666667,3.333333333,1,25,1,3,A,1
20,3,6,6,6,2,3,3,2.666666667,6,5,7,7,7,3,3,3,3,7,2,6,6,6,3,3,3,3,6,3,23,2,3,A,1
21,3,6,6,4,2,2,2,2,5.333333333,4,6,6,4,3,3,3,3,5.333333333,3,2,2,2,3,2,3,2.666666667,2,3,22,2,3,B,0
22,1,3,3,4,2,1,1,1.333333333,3.333333333,4,6,6,6,5,4,4,4.333333333,6,5,5,5,5,3,3,4,3.333333333,5,1,37,1,4,A,1
23,2,5,5,3,3,2,3,2.666666667,4.333333333,4,6,6,5,4,4,4,4,5.666666667,4,6,6,3,3,3,4,3.333333333,5,2,26,2,4,A,1
24,5,2,2,4,2,1,3,2,2.666666667,5,4,6,4,3,3,3,3,4.666666667,5,4,4,4,2,2,3,2.333333333,4,2,24,2,3,B,0
25,3,2,1,1,5,4,5,4.666666667,1.333333333,3,3,2,1,3,4,3,3.333333333,2,4,5,6,3,4,4,4,4,4.666666667,2,25,1,2,A,1
26,5,2,2,2,4,4,4,4,2,3,2,2,1,1,1,1,1,1.666666667,2,2,2,2,3,3,2,2.666666667,2,2,25,2,3,A,1
27,3,2,3,2,4,4,4,4,2.333333333,2,4,4,4,4,4,4,4,4,3,2,2,2,3,3,3,3,2,1,24,2,4,A,1
28,2,5,3,1,3,2,3,2.666666667,3,4,7,6,1,5,5,5,5,4.666666667,2,4,5,1,3,4,3,3.333333333,3.333333333,3,24,2,3,B,0
29,3,2,2,1,3,2,2,2.333333333,1.666666667,5,7,7,4,4,4,3,3.666666667,6,3,5,5,5,3,3,3,3,5,2,24,2,3,B,0
30,2,6,6,4,4,3,3,3.333333333,5.333333333,3,6,6,6,3,3,3,3,6,3,5,6,6,2,2,2,2,5.666666667,2,23,2,4,A,1
31,3,4,6,5,4,3,4,3.666666667,5,4,6,7,5,5,5,5,5,6,4,7,6,4,2,2,2,2,5.666666667,1,25,1,3,A,1
32,2,2,1,4,2,2,2,2,2.333333333,1,2,1,1,3,3,2,2.666666667,1.333333333,1,4,3,2,2,2,3,2.333333333,3,1,25,1,4,B,0
33,2,4,4,5,3,2,2,2.333333333,4.333333333,4,4,4,5,5,4,3,4,4.333333333,5,4,5,5,5,4,5,4.666666667,4.666666667,2,25,2,3,A,1
34,2,5,6,5,3,3,3,3,5.333333333,5,7,7,7,4,5,5,4.666666667,7,5,3,3,3,4,4,4,4,3,3,24,2,3,B,0
35,3,4,3,2,2,3,3,2.666666667,3,4,6,6,6,3,3,4,3.333333333,6,4,7,7,7,4,4,4,4,7,2,22,1,2,B,0
36,2,2,2,1,1,1,1,1,1.666666667,3,6,7,4,4,3,4,3.666666667,5.666666667,5,4,5,4,3,3,4,3.333333333,4.333333333,1,26,2,3,B,0
37,3,5,2,5,4,3,2,3,4,4,6,7,7,5,5,5,5,6.666666667,4,5,6,6,4,4,4,4,5.666666667,3,54,2,2,A,1
38,1,2,5,1,2,1,1,1.333333333,2.666666667,2,6,6,1,2,2,1,1.666666667,4.333333333,1,1,5,1,4,4,4,4,2.333333333,1,69 años ,1,1,B,0
39,4,3,3,2,4,4,4,4,2.666666667,2,2,2,2,3,2,3,2.666666667,2,4,1,1,1,2,2,1,1.666666667,1,3,24,1,2,B,0
40,4,2,2,2,2,2,2,2,2,3,6,6,4,3,3,3,3,5.333333333,4,3,4,4,3,3,3,3,3.666666667,2,59,1,2,B,0
41,3,7,5,5,2,2,3,2.333333333,5.666666667,2,3,3,2,3,2,2,2.333333333,2.666666667,4,5,4,4,1,1,2,1.333333333,4.333333333,1,22,1,2,A,1
42,1,7,7,6,4,3,4,3.666666667,6.666666667,4,7,7,6,4,4,3,3.666666667,6.666666667,4,7,7,6,4,4,4,4,6.666666667,2,62,2,1,A,1
43,4,6,6,4,5,4,4,4.333333333,5.333333333,4,7,6,4,5,3,3,3.666666667,5.666666667,5,5,5,4,3,3,3,3,4.666666667,3,55,2,3,B,0
44,2,5,5,3,3,3,3,3,4.333333333,2,5,5,5,3,3,3,3,5,4,6,6,5,3,3,3,3,5.666666667,3,25,1,3,A,1
45,1,7,7,7,3,3,3,3,7,4,7,7,2,4,5,3,4,5.333333333,5,7,7,2,5,4,4,4.333333333,5.333333333,2,50,1,5,A,1
46,1,7,7,7,5,5,3,4.333333333,7,4,7,7,1,5,5,3,4.333333333,5,5,7,7,2,5,5,4,4.666666667,5.333333333,2,47,2,3,A,1
47,5,6,5,5,3,3,3,3,5.333333333,4,6,6,6,4,4,3,3.666666667,6,5,6,6,6,4,4,4,4,6,1,51,1,1,B,0
48,4,5,5,3,3,3,3,3,4.333333333,3,5,5,4,4,4,4,4,4.666666667,4,5,5,4,3,3,3,3,4.666666667,2,22,1,3,A,1
49,5,6,3,2,3,3,4,3.333333333,3.666666667,5,3,2,2,4,4,4,4,2.333333333,5,7,2,2,4,4,3,3.666666667,3.666666667,1,21,2,3,A,1
50,3,5,2,2,4,3,4,3.666666667,3,4,6,6,5,4,4,4,4,5.666666667,1,6,5,4,3,4,4,3.666666667,5,2,28,1,4,A,1
51,2,3,3,2,1,1,1,1,2.666666667,4,6,6,7,4,4,2,3.333333333,6.333333333,1,1,1,1,2,2,2,2,1,2,24,2,3,B,0
52,2,2,1,1,1,2,1,1.333333333,1.333333333,5,5,6,2,3,3,2,2.666666667,4.333333333,1,1,1,1,1,1,1,1,1,1,18,2,2,B,0
53,4,5,5,5,3,4,4,3.666666667,5,3,5,5,6,3,3,3,3,5.333333333,1,5,3,5,1,1,1,1,4.333333333,3,28,1,4,B,0
54,5,6,7,1,5,5,5,5,4.666666667,5,7,7,3,5,5,5,5,5.666666667,5,5,4,1,4,5,5,4.666666667,3.333333333,3,22,1,3,A,1
55,4,2,2,1,3,2,3,2.666666667,1.666666667,1,4,3,2,3,1,1,1.666666667,3,5,6,5,5,4,4,4,4,5.333333333,1,26,1,3,A,1
56,4,5,4,6,5,2,3,3.333333333,5,3,7,7,7,5,5,5,5,7,5,6,7,6,5,5,5,5,6.333333333,1,21,3,2,B,0
57,5,4,1,4,3,1,1,1.666666667,3,4,4,7,7,3,5,5,4.333333333,6,4,7,7,7,5,5,5,5,7,2,21,1,3,B,0
58,2,5,2,2,4,4,4,4,3,5,7,7,7,5,5,5,5,7,5,7,6,6,5,5,5,5,6.333333333,3,20,2,2,A,1
59,4,2,2,2,3,3,4,3.333333333,2,4,3,4,3,3,4,1,2.666666667,3.333333333,2,2,1,2,2,2,1,1.666666667,1.666666667,2,15,2,1,B,0
60,3,3,4,1,3,1,2,2,2.666666667,4,2,5,1,3,2,3,2.666666667,2.666666667,3,2,2,1,1,1,1,1,1.666666667,1,16,2,2,B,0
61,1,4,3,5,4,2,3,3,4,3,6,6,5,4,3,2,3,5.666666667,5,2,2,1,5,3,4,4,1.666666667,1,18,2,2,B,0
62,3,3,3,3,4,4,4,4,3,3,3,3,3,4,4,4,4,3,4,5,5,5,4,4,4,4,5,1,27,2,3,A,1
63,5,3,4,3,4,3,4,3.666666667,3.333333333,5,7,6,5,4,3,3,3.333333333,6,2,5,5,3,2,2,3,2.333333333,4.333333333,1,16,1,2,B,0
64,5,6,7,4,5,5,5,5,5.666666667,5,4,5,3,3,3,3,3,4,5,6,7,5,3,4,3,3.333333333,6,2,31,2,1,B,0
65,4,4,4,2,1,1,1,1,3.333333333,4,5,3,3,4,3,3,3.333333333,3.666666667,2,5,5,2,2,2,2,2,4,2,21,2,3,B,0
66,4,6,6,4,3,3,3,3,5.333333333,4,6,6,5,5,5,5,5,5.666666667,2,5,5,1,2,2,2,2,3.666666667,2,21,2,2,A,1
67,4,2,3,1,4,4,4,4,2,2,6,6,2,1,1,3,1.666666667,4.666666667,3,5,3,1,3,2,2,2.333333333,3,2,27,2,3,B,0
68,5,7,7,7,5,5,5,5,7,5,7,7,7,5,5,5,5,7,5,5,5,5,2,2,2,2,5,3,23,2,3,A,1
69,4,4,3,2,2,1,1,1.333333333,3,4,5,5,4,3,4,3,3.333333333,4.666666667,4,4,4,4,4,3,4,3.666666667,4,3,22,2,3,B,0
70,5,4,6,5,5,5,5,5,5,5,6,6,3,5,5,4,4.666666667,5,5,6,6,3,5,5,5,5,5,2,27,2,3,A,1
71,3,5,5,4,3,3,4,3.333333333,4.666666667,4,5,6,6,2,3,3,2.666666667,5.666666667,3,6,4,5,5,4,4,4.333333333,5,2,21,2,3,A,1
72,2,4,4,2,3,4,4,3.666666667,3.333333333,2,4,4,2,4,4,3,3.666666667,3.333333333,2,4,4,2,3,4,4,3.666666667,3.333333333,2,19,1,2,A,1
73,4,4,5,2,3,2,4,3,3.666666667,3,4,5,4,4,4,4,4,4.333333333,3,2,2,2,3,2,2,2.333333333,2,2,23,2,4,A,1
74,5,3,3,2,4,4,3,3.666666667,2.666666667,2,2,2,1,3,2,1,2,1.666666667,2,2,2,1,3,3,2,2.666666667,1.666666667,1,24,1,3,A,1
75,3,6,6,5,3,3,3,3,5.666666667,4,7,6,6,4,3,4,3.666666667,6.333333333,5,4,3,3,2,1,1,1.333333333,3.333333333,1,23,1,3,B,0
76,3,6,6,2,3,3,3,3,4.666666667,4,6,6,4,3,3,4,3.333333333,5.333333333,1,3,3,1,1,1,1,1,2.333333333,2,27,2,4,B,0
77,3,6,6,4,4,4,5,4.333333333,5.333333333,4,4,4,4,4,4,2,3.333333333,4,1,5,5,4,2,2,2,2,4.666666667,2,22,2,3,A,1
78,3,5,5,5,2,1,1,1.333333333,5,5,7,7,7,5,5,5,5,7,4,6,6,5,3,3,3,3,5.666666667,1,25,2,3,B,0
79,2,6,5,4,3,2,4,3,5,2,2,3,3,2,2,2,2,2.666666667,5,2,1,1,3,3,3,3,1.333333333,1,21,1,3,B,0
80,4,5,5,2,3,2,4,3,4,4,4,2,4,2,1,2,1.666666667,3.333333333,4,6,7,6,3,4,5,4,6.333333333,3,49,2,3,A,1
81,3,2,2,2,1,1,1,1,2,2,2,2,2,1,1,1,1,2,2,2,2,2,1,1,1,1,2,2,41,1,3,A,1
82,5,4,3,1,5,5,5,5,2.666666667,5,7,7,5,5,5,5,5,6.333333333,4,5,3,2,4,4,2,3.333333333,3.333333333,2,24,2,3,B,0
83,3,6,6,6,3,3,3,3,6,2,5,5,5,2,2,2,2,5,4,5,5,5,4,4,4,4,5,3,26,2,3,B,0
84,1,2,2,1,1,1,1,1,1.666666667,1,1,1,1,3,3,2,2.666666667,1,1,1,1,1,2,1,1,1.333333333,1,1,19,3,2,A,1
85,5,7,7,3,4,4,4,4,5.666666667,5,7,7,5,5,5,5,5,6.333333333,1,2,2,1,1,1,1,1,1.666666667,2,20,2,2,B,0
86,4,4,4,2,3,3,3,3,3.333333333,2,4,3,2,2,1,1,1.333333333,3,3,1,1,1,1,1,1,1,1,3,27,2,2,B,0
87,4,6,6,2,4,4,4,4,4.666666667,3,5,4,2,4,4,4,4,3.666666667,1,3,5,2,3,5,2,3.333333333,3.333333333,1,23,2,3,A,1
88,3,4,5,3,2,4,3,3,4,4,7,6,6,4,4,4,4,6.333333333,3,6,6,6,4,4,4,4,6,3,22,2,3,A,1
89,4,2,2,2,4,4,4,4,2,1,2,2,2,1,1,1,1,2,1,2,2,2,3,3,3,3,2,1,55,1,1,B,0
90,5,6,6,2,5,5,5,5,4.666666667,3,2,2,1,3,4,3,3.333333333,1.666666667,5,2,2,1,5,5,5,5,1.666666667,3,39,1,5,A,1
91,2,5,4,2,3,1,2,2,3.666666667,1,2,2,1,2,1,3,2,1.666666667,1,1,1,1,1,1,1,1,1,2,18,2,2,B,0
92,5,6,7,4,5,5,5,5,5.666666667,2,5,5,4,4,4,4,4,4.666666667,4,5,3,3,5,5,5,5,3.666666667,2,22,2,3,A,1
93,2,5,5,3,4,3,4,3.666666667,4.333333333,1,5,6,4,3,3,2,2.666666667,5,3,5,6,4,3,3,2,2.666666667,5,2,23,1,2,A,1
94,2,3,5,4,2,2,3,2.333333333,4,3,5,6,5,4,4,3,3.666666667,5.333333333,3,4,3,3,3,2,3,2.666666667,3.333333333,3,52,2,2,B,0
95,4,3,4,1,3,2,2,2.333333333,2.666666667,5,7,7,7,5,5,5,5,7,5,5,4,4,3,3,3,3,4.333333333,1,24,2,3,A,1
96,2,2,2,1,2,2,3,2.333333333,1.666666667,4,6,7,6,4,4,4,4,6.333333333,5,4,4,4,4,4,4,4,4,2,57,2,4,B,0
97,3,3,3,2,4,2,4,3.333333333,2.666666667,1,5,5,3,4,3,4,3.666666667,4.333333333,4,3,2,2,1,1,1,1,2.333333333,2,35,2,4,B,0
98,5,6,6,4,4,4,4,4,5.333333333,2,6,6,4,5,5,5,5,5.333333333,3,6,6,4,4,4,4,4,5.333333333,2,22,1,3,A,1
99,2,5,4,4,3,1,4,2.666666667,4.333333333,4,6,6,4,4,4,4,4,5.333333333,5,6,6,6,4,4,4,4,6,2,34,2,1,A,1
100,3,6,6,4,3,2,2,2.333333333,5.333333333,1,6,6,6,3,3,3,3,6,2,2,2,2,2,1,1,1.333333333,2,2,20,2,2,A,1
101,2,4,4,4,2,3,3,2.666666667,4,2,4,5,4,3,3,2,2.666666667,4.333333333,3,5,5,5,3,3,3,3,5,2,67,1,3,A,1
102,3,2,2,1,2,2,3,2.333333333,1.666666667,1,3,2,3,1,1,1,1,2.666666667,1,2,2,1,2,1,2,1.666666667,1.666666667,2,22,1,3,B,0
103,4,2,2,2,3,2,2,2.333333333,2,4,7,5,6,4,3,4,3.666666667,6,4,2,1,1,1,1,1,1,1.333333333,2,63,2,4,B,0
104,3,5,2,1,4,3,4,3.666666667,2.666666667,4,4,5,2,4,4,4,4,3.666666667,5,2,1,1,1,1,1,1,1.333333333,3,24,2,4,B,0
105,1,4,2,4,2,2,2,2,3.333333333,4,5,5,4,3,3,3,3,4.666666667,3,5,3,2,4,3,3,3.333333333,3.333333333,2,43,2,5,A,1
106,4,5,5,2,5,5,5,5,4,1,2,2,2,1,1,1,1,2,3,5,5,2,4,3,3,3.333333333,4,3,21,2,3,B,0
107,1,5,4,2,3,3,3,3,3.666666667,4,6,6,6,4,4,4,4,6,5,3,3,3,3,3,3,3,3,3,29,1,3,A,1
108,3,4,5,5,4,4,4,4,4.666666667,4,6,6,6,5,5,5,5,6,5,6,6,6,4,4,4,4,6,2,37,1,3,A,1
109,2,6,5,5,5,3,3,3.666666667,5.333333333,4,6,6,7,5,4,3,4,6.333333333,4,7,7,6,3,4,3,3.333333333,6.666666667,2,25,1,3,B,0
110,3,6,6,2,4,3,4,3.666666667,4.666666667,4,6,6,3,4,3,2,3,5,5,7,7,5,5,5,5,5,6.333333333,2,54,2,3,A,1
111,4,2,2,3,3,3,2,2.666666667,2.333333333,2,6,6,2,4,4,1,3,4.666666667,4,6,6,5,5,5,5,5,5.666666667,3,56,2,4,B,0
112,1,2,2,2,3,2,2,2.333333333,2,4,4,5,5,4,4,4,4,4.666666667,4,4,4,4,4,4,4,4,4,2,60,2,4,B,0
113,4,3,3,3,4,2,4,3.333333333,3,3,5,5,5,4,4,4,4,5,4,2,2,2,2,2,2,2,2,2,21,1,2,B,0
114,2,2,2,1,2,1,2,1.666666667,1.666666667,2,2,2,1,1,1,1,1,1.666666667,1,1,1,1,2,2,1,1.666666667,1,2,18,2,2,B,0
115,2,2,2,2,2,2,3,2.333333333,2,4,6,6,6,4,4,4,4,6,4,5,3,2,3,3,3,3,3.333333333,2,56,2,3,B,0
116,1,4,4,2,4,3,4,3.666666667,3.333333333,2,3,1,1,4,3,3,3.333333333,1.666666667,3,5,3,2,3,1,3,2.333333333,3.333333333,2,24,1,1,B,0
117,4,5,6,4,4,3,4,3.666666667,5,5,6,6,5,5,4,5,4.666666667,5.666666667,4,2,3,2,4,4,3,3.666666667,2.333333333,3,21,2,3,A,1
118,5,7,7,7,4,4,4,4,7,3,6,6,6,4,4,4,4,6,5,6,6,6,4,4,4,4,6,2,64 años,2,1,B,0
119,2,5,2,1,1,1,1,1,2.666666667,2,6,5,2,1,1,1,1,4.333333333,2,2,2,2,1,1,1,1,2,1,24,2,3,B,0
120,4,3,2,1,4,4,4,4,2,5,5,6,4,3,3,2,2.666666667,5,4,2,2,2,1,1,3,1.666666667,2,3,19,2,3,B,0
121,4,2,2,2,3,3,3,3,2,4,5,5,4,2,2,2,2,4.666666667,5,4,4,3,5,5,5,5,3.666666667,3,34,2,4,B,0
122,3,5,2,2,4,4,3,3.666666667,3,2,3,2,5,1,2,2,1.666666667,3.333333333,2,5,2,2,3,2,4,3,3,1,15,3,2,A,1
123,3,6,6,4,4,3,4,3.666666667,5.333333333,2,6,6,6,4,4,4,4,6,5,6,6,6,4,4,3,3.666666667,6,2,40,2,4,A,1
124,4,5,5,4,4,4,4,4,4.666666667,5,6,6,5,5,5,5,5,5.666666667,3,6,6,6,4,4,4,4,6,2,22,2,3,A,1
125,4,2,1,1,2,1,2,1.666666667,1.333333333,4,6,6,6,3,3,3,3,6,1,1,1,1,1,1,1,1,1,2,22,2,4,B,0
126,4,6,6,5,5,4,5,4.666666667,5.666666667,5,6,6,6,4,4,5,4.333333333,6,5,6,6,5,3,2,4,3,5.666666667,3,35,2,3,A,1
127,4,4,4,4,4,4,4,4,4,4,4,4,4,4,4,4,4,4,4,4,4,4,4,4,4,4,4,2,31,1,4,A,1
128,3,5,6,5,5,5,5,5,5.333333333,2,5,5,4,4,4,5,4.333333333,4.666666667,3,5,5,4,4,4,4,4,4.666666667,2,23,1,4,A,1
129,1,6,6,6,4,4,4,4,6,5,7,7,7,5,5,5,5,7,5,7,7,7,5,5,5,5,7,1,47,2,3,A,1
130,4,4,2,2,4,2,3,3,2.666666667,4,3,3,3,4,4,4,4,3,4,6,6,5,3,4,3,3.333333333,5.666666667,1,38,2,4,A,1
131,5,7,7,7,3,3,4,3.333333333,7,4,7,7,7,5,5,5,5,7,5,3,2,2,1,3,3,2.333333333,2.333333333,3,39,2,3,B,0
132,3,2,2,2,1,1,1,1,2,4,7,7,7,1,1,1,1,7,5,7,7,7,1,1,1,1,7,3,50,2,3,A,1
133,2,5,5,2,4,4,4,4,4,2,3,3,2,1,1,1,1,2.666666667,5,2,2,2,2,2,2,2,2,3,27,2,3,B,0
134,3,5,5,2,3,2,5,3.333333333,4,2,4,4,2,2,2,3,2.333333333,3.333333333,4,6,5,4,1,1,1,1,5,1,23,1,3,B,0
135,1,6,6,6,4,4,4,4,6,4,7,7,7,5,4,4,4.333333333,7,4,6,6,6,4,4,4,4,6,2,50,1,3,B,0
136,5,2,2,2,3,3,3,3,2,5,4,3,3,4,4,4,4,3.333333333,4,4,4,4,3,2,3,2.666666667,4,1,21,2,3,A,1
137,4,1,2,1,4,4,4,4,1.333333333,4,4,5,4,3,3,3,3,4.333333333,5,2,1,1,4,4,4,4,1.333333333,3,28,2,4,A,1
138,4,3,3,1,4,4,4,4,2.333333333,4,1,1,1,5,5,4,4.666666667,1,5,1,1,1,4,4,4,4,1,1,31,1,2,A,1
139,2,2,2,2,1,1,1,1,2,3,3,4,2,2,1,3,2,3,3,1,1,1,1,2,2,1.666666667,1,1,24,2,4,B,0
140,4,5,3,3,3,4,3,3.333333333,3.666666667,4,5,6,5,3,3,3,3,5.333333333,1,2,2,1,1,2,2,1.666666667,1.666666667,1,21,2,3,A,1
141,4,4,5,3,1,3,3,2.333333333,4,3,3,3,3,3,3,3,3,3,5,3,4,2,5,5,5,5,3,3,23,2,4,A,1
142,5,6,6,6,3,4,3,3.333333333,6,5,7,7,7,5,5,5,5,7,2,3,4,3,4,3,4,3.666666667,3.333333333,1,28,2,3,A,1
143,4,5,6,3,4,4,4,4,4.666666667,2,5,5,2,4,4,4,4,4,4,6,7,5,3,4,4,3.666666667,6,3,29,1,3,A,1
144,5,6,6,6,2,2,3,2.333333333,6,2,5,5,5,3,4,4,3.666666667,5,1,3,3,3,1,1,1,1,3,1,27,2,2,A,1
145,4,2,2,2,2,3,4,3,2,3,4,2,2,3,3,4,3.333333333,2.666666667,4,2,3,2,3,3,4,3.333333333,2.333333333,2,29,2,4,A,1
146,5,6,6,4,5,5,5,5,5.333333333,3,5,4,4,3,4,4,3.666666667,4.333333333,3,3,3,3,3,4,4,3.666666667,3,3,27,2,4,A,1
147,4,2,2,2,3,2,2,2.333333333,2,4,6,6,6,4,4,4,4,6,3,5,4,3,4,2,2,2.666666667,4,3,58,2,3,A,1
148,2,2,2,2,1,1,1,1,2,2,2,2,2,1,1,1,1,2,2,1,1,1,1,1,1,1,1,1,24,2,3,B,0
149,5,3,5,2,5,5,5,5,3.333333333,5,6,6,6,4,4,4,4,6,4,2,3,3,3,3,3,3,2.666666667,3,23,2,4,A,1
150,5,7,7,7,5,5,5,5,7,3,2,2,2,1,1,1,1,2,4,6,6,6,3,3,3,3,6,2,24,2,4,B,0
151,4,4,6,3,5,3,5,4.333333333,4.333333333,3,2,1,1,3,4,5,4,1.333333333,1,7,6,7,4,4,3,3.666666667,6.666666667,3,28,2,4,A,1
152,3,4,3,6,2,3,3,2.666666667,4.333333333,2,3,4,3,4,2,3,3,3.333333333,4,6,6,6,3,4,4,3.666666667,6,2,24,4,3,A,1
153,5,5,5,4,5,5,5,5,4.666666667,4,6,5,4,5,5,4,4.666666667,5,4,3,2,2,5,5,5,5,2.333333333,2,32,2,1,B,0
154,2,5,4,3,5,5,5,5,4,3,3,2,2,4,4,3,3.666666667,2.333333333,1,2,2,2,5,3,3,3.666666667,2,3,36,2,4,B,0
155,3,2,5,5,2,3,4,3,4,1,5,6,6,2,2,4,2.666666667,5.666666667,2,5,4,5,3,4,4,3.666666667,4.666666667,1,22,1,2,A,1
156,5,6,6,5,5,5,5,5,5.666666667,4,7,7,7,3,3,4,3.333333333,7,5,6,6,4,4,4,4,4,5.333333333,3,23,2,3,A,1
157,5,6,5,3,4,5,5,4.666666667,4.666666667,2,7,7,6,3,2,3,2.666666667,6.666666667,2,2,2,3,3,4,4,3.666666667,2.333333333,1,17,1,2,B,0
158,5,6,6,4,4,5,5,4.666666667,5.333333333,3,6,6,6,1,1,2,1.333333333,6,4,2,4,3,2,2,3,2.333333333,3,2,21,1,3,B,0
159,1,1,1,1,1,1,1,1,1,1,1,1,1,1,1,1,1,1,1,1,1,1,1,1,1,1,1,1,69,1,4,A,1
160,2,2,1,1,4,4,5,4.333333333,1.333333333,4,6,4,2,5,5,5,5,4,1,5,4,5,2,2,3,2.333333333,4.666666667,1,24,1,3,B,0
161,5,6,6,5,4,5,5,4.666666667,5.666666667,2,5,6,4,4,3,4,3.666666667,5,4,5,6,5,4,4,3,3.666666667,5.333333333,3,28,1,3,B,0
162,4,4,3,2,4,3,4,3.666666667,3,4,5,4,5,4,4,3,3.666666667,4.666666667,4,3,2,2,4,2,2,2.666666667,2.333333333,3,25,1,4,B,0
163,3,2,2,2,3,3,3,3,2,2,3,3,3,2,2,2,2,3,4,1,1,1,1,1,1,1,1,2,23,1,3,B,0
164,5,4,4,2,2,2,3,2.333333333,3.333333333,5,5,6,5,2,2,2,2,5.333333333,4,2,2,3,1,1,2,1.333333333,2.333333333,2,29,2,3,B,0
165,4,4,4,1,4,4,4,4,3,2,5,4,2,4,3,3,3.333333333,3.666666667,5,6,6,3,4,4,5,4.333333333,5,2,23,3,2,A,1
166,4,5,5,5,3,3,4,3.333333333,5,4,7,7,7,5,5,4,4.666666667,7,4,6,6,6,4,4,4,4,6,3,36,2,3,A,1
167,5,4,4,2,5,5,5,5,3.333333333,5,5,4,5,5,5,5,5,4.666666667,5,4,3,3,5,5,5,5,3.333333333,2,33,2,4,B,0
168,5,7,4,2,3,4,3,3.333333333,4.333333333,2,2,2,1,1,1,1,1,1.666666667,4,7,7,2,4,4,3,3.666666667,5.333333333,1,24,1,2,B,0
169,4,5,5,3,3,3,3,3,4.333333333,5,6,6,6,4,4,5,4.333333333,6,5,5,5,6,3,3,3,3,5.333333333,2,22,2,3,A,1
170,4,5,6,4,2,2,4,2.666666667,5,2,6,5,6,1,1,4,2,5.666666667,5,6,6,6,5,4,4,4.333333333,6,2,22,2,2,B,0
171,4,5,6,3,5,5,5,5,4.666666667,3,3,4,2,3,4,3,3.333333333,3,5,2,2,1,5,5,5,5,1.666666667,2,29,2,3,A,1
172,3,3,2,2,3,2,2,2.333333333,2.333333333,3,6,5,6,4,4,5,4.333333333,5.666666667,2,7,7,7,5,4,5,4.666666667,7,3,25,1,2,A,1
173,4,3,3,2,4,2,4,3.333333333,2.666666667,2,2,2,2,2,1,2,1.666666667,2,5,7,6,4,2,2,2,2,5.666666667,2,24,1,3,B,0
174,3,4,2,1,2,1,5,2.666666667,2.333333333,5,5,6,2,5,5,5,5,4.333333333,3,2,4,1,4,4,4,4,2.333333333,3,20,1,2,B,0
175,4,1,1,1,3,3,3,3,1,2,3,1,1,2,2,2,2,1.666666667,4,1,1,1,3,3,3,3,1,2,24,3,2,B,0
176,3,1,1,1,2,2,2,2,1,2,1,1,1,2,2,3,2.333333333,1,2,2,2,2,1,1,1,1,2,2,30,2,2,B,0
177,2,4,4,4,4,4,4,4,4,2,4,4,4,3,3,3,3,4,3,2,2,2,4,4,4,4,2,2,26,1,3,B,0
178,4,2,3,1,2,2,1,1.666666667,2,3,5,5,4,4,3,4,3.666666667,4.666666667,5,5,5,3,3,2,1,2,4.333333333,3,22,2,3,B,0
179,5,2,2,4,5,5,5,5,2.666666667,5,2,2,2,5,5,5,5,2,3,2,2,2,2,2,2,2,2,3,28,2,4,A,1
180,4,6,6,2,2,3,3,2.666666667,4.666666667,3,6,6,4,3,3,3,3,5.333333333,4,6,6,2,2,2,3,2.333333333,4.666666667,2,22,2,3,B,0
181,3,5,5,4,4,5,4,4.333333333,4.666666667,3,6,5,5,5,4,4,4.333333333,5.333333333,4,5,5,5,4,4,5,4.333333333,5,3,22,1,3,A,1
182,4,5,6,2,4,2,4,3.333333333,4.333333333,5,7,6,7,4,5,4,4.333333333,6.666666667,2,2,5,2,2,1,2,1.666666667,3,2,23,2,3,A,1
183,2,3,2,3,2,1,1,1.333333333,2.666666667,1,3,3,2,3,1,2,2,2.666666667,2,2,2,3,3,1,1,1.666666667,2.333333333,2,20,2,2,A,1
184,5,5,5,5,4,4,4,4,5,5,7,7,7,5,3,5,4.333333333,7,2,1,1,1,1,1,1,1,1,1,22,2,3,B,0
185,5,5,5,5,5,5,5,5,5,5,7,7,7,5,5,5,5,7,4,6,6,6,3,4,4,3.666666667,6,3,21,2,3,A,1
186,3,4,2,1,4,4,4,4,2.333333333,1,5,5,4,3,3,4,3.333333333,4.666666667,1,1,1,1,2,1,2,1.666666667,1,1,18,1,2,B,0
187,4,6,4,2,4,4,5,4.333333333,4,2,2,1,1,1,2,1,1.333333333,1.333333333,3,4,3,2,1,1,1,1,3,3,20,1,2,A,1
188,5,2,3,1,3,1,2,2,2,3,5,6,4,4,3,4,3.666666667,5,4,6,7,2,4,3,4,3.666666667,5,3,23,1,2,B,0
189,5,5,5,5,4,4,4,4,5,5,6,6,6,4,4,4,4,6,5,5,5,3,5,5,5,5,4.333333333,2,30,2,4,A,1
190,5,4,5,3,5,1,5,3.666666667,4,5,7,7,7,5,3,5,4.333333333,7,1,7,5,6,5,5,5,5,6,2,23,2,2,A,1
191,4,5,3,1,3,1,1,1.666666667,3,5,6,5,5,3,2,2,2.333333333,5.333333333,4,1,1,1,1,1,1,1,1,1,38,1,3,A,1
192,3,5,3,2,3,2,3,2.666666667,3.333333333,3,5,4,3,4,4,4,4,4,2,5,4,3,3,3,3,3,4,1,17,2,2,A,1
193,2,3,2,1,2,2,3,2.333333333,2,1,5,3,1,3,2,2,2.333333333,3,1,2,2,1,1,1,1,1,1.666666667,1,20,1,2,B,0
194,2,3,3,1,3,4,3,3.333333333,2.333333333,2,2,2,2,2,2,2,2,2,4,6,6,6,5,5,5,5,6,1,21,2,3,A,1
195,5,6,2,2,5,4,5,4.666666667,3.333333333,4,7,6,6,4,4,4,4,6.333333333,4,6,5,4,4,4,4,4,5,3,22,2,3,A,1
196,5,4,4,4,4,4,4,4,4,5,5,4,4,4,4,4,4,4.333333333,2,4,4,4,4,4,3,3.666666667,4,2,35,2,3,A,1
197,3,3,2,1,2,1,2,1.666666667,2,2,4,4,2,1,1,3,1.666666667,3.333333333,1,1,1,1,1,1,1,1,1,2,24,2,3,B,0
198,3,1,1,1,1,2,2,1.666666667,1,2,4,3,2,3,2,2,2.333333333,3,5,4,6,2,5,5,5,5,4,1,20,1,3,A,1
199,3,2,2,2,3,3,3,3,2,5,2,2,2,4,4,4,4,2,4,2,2,2,2,1,2,1.666666667,2,3,41,2,4,A,1
200,4,5,5,3,2,1,2,1.666666667,4.333333333,3,5,5,4,3,3,3,3,4.666666667,3,3,3,2,1,1,2,1.333333333,2.666666667,2,19,2,2,B,0
201,5,3,2,2,1,1,3,1.666666667,2.333333333,3,4,4,3,2,2,3,2.333333333,3.666666667,5,3,4,1,2,1,2,1.666666667,2.666666667,2,18,2,2,B,0
202,4,3,3,1,3,3,3,3,2.333333333,3,5,4,2,2,2,3,2.333333333,3.666666667,3,5,5,5,3,2,2,2.333333333,5,1,33,2,4,A,1
203,1,2,4,2,3,3,3,3,2.666666667,3,4,4,4,3,3,3,3,4,2,3,3,3,1,2,2,1.666666667,3,2,62,2,3,A,1
204,5,6,6,6,4,4,4,4,6,5,6,7,6,5,5,4,4.666666667,6.333333333,2,5,6,5,4,4,3,3.666666667,5.333333333,3,24,2,3,A,1
205,4,5,3,2,4,4,4,4,3.333333333,3,5,5,3,2,2,2,2,4.333333333,4,5,5,3,2,2,3,2.333333333,4.333333333,2,22,2,3,A,1
